Decision,Gender,Dept
Admit,Male,A
Admit,Male,A
Admit,Male,A
Admit,Male,A
Admit,Male,A
Admit,Male,A
Admit,Male,A
Admit,Male,A
Admit,Male,A
Admit,Male,A
Admit,Male,A
Admit,Male,A
Admit,Male,A
Admit,Male,A
Admit,Male,A
Admit,Male,A
Admit,Male,A
Admit,Male,A
Admit,Male,A
Admit,Male,A
Admit,Male,A
Admit,Male,A
Admit,Male,A
Admit,Male,A
Admit,Male,A
Admit,Male,A
Admit,Male,A
Admit,Male,A
Admit,Male,A
Admit,Male,A
Admit,Male,A
Admit,Male,A
Admit,Male,A
Admit,Male,A
Admit,Male,A
Admit,Male,A
Admit,Male,A
Admit,Male,A
Admit,Male,A
Admit,Male,A
Admit,Male,A
Admit,Male,A
Admit,Male,A
Admit,Male,A
Admit,Male,A
Admit,Male,A
Admit,Male,A
Admit,Male,A
Admit,Male,A
Admit,Male,A
Admit,Male,A
Admit,Male,A
Admit,Male,A
Admit,Male,A
Admit,Male,A
Admit,Male,A
Admit,Male,A
Admit,Male,A
Admit,Male,A
Admit,Male,A
Admit,Male,A
Admit,Male,A
Admit,Male,A
Admit,Male,A
Admit,Male,A
Admit,Male,A
Admit,Male,A
Admit,Male,A
Admit,Male,A
Admit,Male,A
Admit,Male,A
Admit,Male,A
Admit,Male,A
Admit,Male,A
Admit,Male,A
Admit,Male,A
Admit,Male,A
Admit,Male,A
Admit,Male,A
Admit,Male,A
Admit,Male,A
Admit,Male,A
Admit,Male,A
Admit,Male,A
Admit,Male,A
Admit,Male,A
Admit,Male,A
Admit,Male,A
Admit,Male,A
Admit,Male,A
Admit,Male,A
Admit,Male,A
Admit,Male,A
Admit,Male,A
Admit,Male,A
Admit,Male,A
Admit,Male,A
Admit,Male,A
Admit,Male,A
Admit,Male,A
Admit,Male,A
Admit,Male,A
Admit,Male,A
Admit,Male,A
Admit,Male,A
Admit,Male,A
Admit,Male,A
Admit,Male,A
Admit,Male,A
Admit,Male,A
Admit,Male,A
Admit,Male,A
Admit,Male,A
Admit,Male,A
Admit,Male,A
Admit,Male,A
Admit,Male,A
Admit,Male,A
Admit,Male,A
Admit,Male,A
Admit,Male,A
Admit,Male,A
Admit,Male,A
Admit,Male,A
Admit,Male,A
Admit,Male,A
Admit,Male,A
Admit,Male,A
Admit,Male,A
Admit,Male,A
Admit,Male,A
Admit,Male,A
Admit,Male,A
Admit,Male,A
Admit,Male,A
Admit,Male,A
Admit,Male,A
Admit,Male,A
Admit,Male,A
Admit,Male,A
Admit,Male,A
Admit,Male,A
Admit,Male,A
Admit,Male,A
Admit,Male,A
Admit,Male,A
Admit,Male,A
Admit,Male,A
Admit,Male,A
Admit,Male,A
Admit,Male,A
Admit,Male,A
Admit,Male,A
Admit,Male,A
Admit,Male,A
Admit,Male,A
Admit,Male,A
Admit,Male,A
Admit,Male,A
Admit,Male,A
Admit,Male,A
Admit,Male,A
Admit,Male,A
Admit,Male,A
Admit,Male,A
Admit,Male,A
Admit,Male,A
Admit,Male,A
Admit,Male,A
Admit,Male,A
Admit,Male,A
Admit,Male,A
Admit,Male,A
Admit,Male,A
Admit,Male,A
Admit,Male,A
Admit,Male,A
Admit,Male,A
Admit,Male,A
Admit,Male,A
Admit,Male,A
Admit,Male,A
Admit,Male,A
Admit,Male,A
Admit,Male,A
Admit,Male,A
Admit,Male,A
Admit,Male,A
Admit,Male,A
Admit,Male,A
Admit,Male,A
Admit,Male,A
Admit,Male,A
Admit,Male,A
Admit,Male,A
Admit,Male,A
Admit,Male,A
Admit,Male,A
Admit,Male,A
Admit,Male,A
Admit,Male,A
Admit,Male,A
Admit,Male,A
Admit,Male,A
Admit,Male,A
Admit,Male,A
Admit,Male,A
Admit,Male,A
Admit,Male,A
Admit,Male,A
Admit,Male,A
Admit,Male,A
Admit,Male,A
Admit,Male,A
Admit,Male,A
Admit,Male,A
Admit,Male,A
Admit,Male,A
Admit,Male,A
Admit,Male,A
Admit,Male,A
Admit,Male,A
Admit,Male,A
Admit,Male,A
Admit,Male,A
Admit,Male,A
Admit,Male,A
Admit,Male,A
Admit,Male,A
Admit,Male,A
Admit,Male,A
Admit,Male,A
Admit,Male,A
Admit,Male,A
Admit,Male,A
Admit,Male,A
Admit,Male,A
Admit,Male,A
Admit,Male,A
Admit,Male,A
Admit,Male,A
Admit,Male,A
Admit,Male,A
Admit,Male,A
Admit,Male,A
Admit,Male,A
Admit,Male,A
Admit,Male,A
Admit,Male,A
Admit,Male,A
Admit,Male,A
Admit,Male,A
Admit,Male,A
Admit,Male,A
Admit,Male,A
Admit,Male,A
Admit,Male,A
Admit,Male,A
Admit,Male,A
Admit,Male,A
Admit,Male,A
Admit,Male,A
Admit,Male,A
Admit,Male,A
Admit,Male,A
Admit,Male,A
Admit,Male,A
Admit,Male,A
Admit,Male,A
Admit,Male,A
Admit,Male,A
Admit,Male,A
Admit,Male,A
Admit,Male,A
Admit,Male,A
Admit,Male,A
Admit,Male,A
Admit,Male,A
Admit,Male,A
Admit,Male,A
Admit,Male,A
Admit,Male,A
Admit,Male,A
Admit,Male,A
Admit,Male,A
Admit,Male,A
Admit,Male,A
Admit,Male,A
Admit,Male,A
Admit,Male,A
Admit,Male,A
Admit,Male,A
Admit,Male,A
Admit,Male,A
Admit,Male,A
Admit,Male,A
Admit,Male,A
Admit,Male,A
Admit,Male,A
Admit,Male,A
Admit,Male,A
Admit,Male,A
Admit,Male,A
Admit,Male,A
Admit,Male,A
Admit,Male,A
Admit,Male,A
Admit,Male,A
Admit,Male,A
Admit,Male,A
Admit,Male,A
Admit,Male,A
Admit,Male,A
Admit,Male,A
Admit,Male,A
Admit,Male,A
Admit,Male,A
Admit,Male,A
Admit,Male,A
Admit,Male,A
Admit,Male,A
Admit,Male,A
Admit,Male,A
Admit,Male,A
Admit,Male,A
Admit,Male,A
Admit,Male,A
Admit,Male,A
Admit,Male,A
Admit,Male,A
Admit,Male,A
Admit,Male,A
Admit,Male,A
Admit,Male,A
Admit,Male,A
Admit,Male,A
Admit,Male,A
Admit,Male,A
Admit,Male,A
Admit,Male,A
Admit,Male,A
Admit,Male,A
Admit,Male,A
Admit,Male,A
Admit,Male,A
Admit,Male,A
Admit,Male,A
Admit,Male,A
Admit,Male,A
Admit,Male,A
Admit,Male,A
Admit,Male,A
Admit,Male,A
Admit,Male,A
Admit,Male,A
Admit,Male,A
Admit,Male,A
Admit,Male,A
Admit,Male,A
Admit,Male,A
Admit,Male,A
Admit,Male,A
Admit,Male,A
Admit,Male,A
Admit,Male,A
Admit,Male,A
Admit,Male,A
Admit,Male,A
Admit,Male,A
Admit,Male,A
Admit,Male,A
Admit,Male,A
Admit,Male,A
Admit,Male,A
Admit,Male,A
Admit,Male,A
Admit,Male,A
Admit,Male,A
Admit,Male,A
Admit,Male,A
Admit,Male,A
Admit,Male,A
Admit,Male,A
Admit,Male,A
Admit,Male,A
Admit,Male,A
Admit,Male,A
Admit,Male,A
Admit,Male,A
Admit,Male,A
Admit,Male,A
Admit,Male,A
Admit,Male,A
Admit,Male,A
Admit,Male,A
Admit,Male,A
Admit,Male,A
Admit,Male,A
Admit,Male,A
Admit,Male,A
Admit,Male,A
Admit,Male,A
Admit,Male,A
Admit,Male,A
Admit,Male,A
Admit,Male,A
Admit,Male,A
Admit,Male,A
Admit,Male,A
Admit,Male,A
Admit,Male,A
Admit,Male,A
Admit,Male,A
Admit,Male,A
Admit,Male,A
Admit,Male,A
Admit,Male,A
Admit,Male,A
Admit,Male,A
Admit,Male,A
Admit,Male,A
Admit,Male,A
Admit,Male,A
Admit,Male,A
Admit,Male,A
Admit,Male,A
Admit,Male,A
Admit,Male,A
Admit,Male,A
Admit,Male,A
Admit,Male,A
Admit,Male,A
Admit,Male,A
Admit,Male,A
Admit,Male,A
Admit,Male,A
Admit,Male,A
Admit,Male,A
Admit,Male,A
Admit,Male,A
Admit,Male,A
Admit,Male,A
Admit,Male,A
Admit,Male,A
Admit,Male,A
Admit,Male,A
Admit,Male,A
Admit,Male,A
Admit,Male,A
Admit,Male,A
Admit,Male,A
Admit,Male,A
Admit,Male,A
Admit,Male,A
Admit,Male,A
Admit,Male,A
Admit,Male,A
Admit,Male,A
Admit,Male,A
Admit,Male,A
Admit,Male,A
Admit,Male,A
Admit,Male,A
Admit,Male,A
Admit,Male,A
Admit,Male,A
Admit,Male,A
Admit,Male,A
Admit,Male,A
Admit,Male,A
Admit,Male,A
Admit,Male,A
Admit,Male,A
Admit,Male,A
Admit,Male,A
Admit,Male,A
Admit,Male,A
Admit,Male,A
Admit,Male,A
Admit,Male,A
Admit,Male,A
Admit,Male,A
Admit,Male,A
Admit,Male,A
Admit,Male,A
Admit,Male,A
Admit,Male,A
Admit,Male,A
Admit,Male,A
Admit,Male,A
Admit,Male,A
Admit,Male,A
Admit,Male,A
Admit,Male,A
Admit,Male,A
Admit,Male,A
Admit,Male,A
Admit,Male,A
Admit,Male,A
Admit,Male,A
Admit,Male,A
Admit,Male,A
Admit,Male,A
Admit,Male,A
Admit,Male,A
Admit,Male,A
Admit,Male,A
Admit,Male,A
Admit,Male,A
Admit,Male,A
Admit,Male,A
Admit,Male,A
Reject,Male,A
Reject,Male,A
Reject,Male,A
Reject,Male,A
Reject,Male,A
Reject,Male,A
Reject,Male,A
Reject,Male,A
Reject,Male,A
Reject,Male,A
Reject,Male,A
Reject,Male,A
Reject,Male,A
Reject,Male,A
Reject,Male,A
Reject,Male,A
Reject,Male,A
Reject,Male,A
Reject,Male,A
Reject,Male,A
Reject,Male,A
Reject,Male,A
Reject,Male,A
Reject,Male,A
Reject,Male,A
Reject,Male,A
Reject,Male,A
Reject,Male,A
Reject,Male,A
Reject,Male,A
Reject,Male,A
Reject,Male,A
Reject,Male,A
Reject,Male,A
Reject,Male,A
Reject,Male,A
Reject,Male,A
Reject,Male,A
Reject,Male,A
Reject,Male,A
Reject,Male,A
Reject,Male,A
Reject,Male,A
Reject,Male,A
Reject,Male,A
Reject,Male,A
Reject,Male,A
Reject,Male,A
Reject,Male,A
Reject,Male,A
Reject,Male,A
Reject,Male,A
Reject,Male,A
Reject,Male,A
Reject,Male,A
Reject,Male,A
Reject,Male,A
Reject,Male,A
Reject,Male,A
Reject,Male,A
Reject,Male,A
Reject,Male,A
Reject,Male,A
Reject,Male,A
Reject,Male,A
Reject,Male,A
Reject,Male,A
Reject,Male,A
Reject,Male,A
Reject,Male,A
Reject,Male,A
Reject,Male,A
Reject,Male,A
Reject,Male,A
Reject,Male,A
Reject,Male,A
Reject,Male,A
Reject,Male,A
Reject,Male,A
Reject,Male,A
Reject,Male,A
Reject,Male,A
Reject,Male,A
Reject,Male,A
Reject,Male,A
Reject,Male,A
Reject,Male,A
Reject,Male,A
Reject,Male,A
Reject,Male,A
Reject,Male,A
Reject,Male,A
Reject,Male,A
Reject,Male,A
Reject,Male,A
Reject,Male,A
Reject,Male,A
Reject,Male,A
Reject,Male,A
Reject,Male,A
Reject,Male,A
Reject,Male,A
Reject,Male,A
Reject,Male,A
Reject,Male,A
Reject,Male,A
Reject,Male,A
Reject,Male,A
Reject,Male,A
Reject,Male,A
Reject,Male,A
Reject,Male,A
Reject,Male,A
Reject,Male,A
Reject,Male,A
Reject,Male,A
Reject,Male,A
Reject,Male,A
Reject,Male,A
Reject,Male,A
Reject,Male,A
Reject,Male,A
Reject,Male,A
Reject,Male,A
Reject,Male,A
Reject,Male,A
Reject,Male,A
Reject,Male,A
Reject,Male,A
Reject,Male,A
Reject,Male,A
Reject,Male,A
Reject,Male,A
Reject,Male,A
Reject,Male,A
Reject,Male,A
Reject,Male,A
Reject,Male,A
Reject,Male,A
Reject,Male,A
Reject,Male,A
Reject,Male,A
Reject,Male,A
Reject,Male,A
Reject,Male,A
Reject,Male,A
Reject,Male,A
Reject,Male,A
Reject,Male,A
Reject,Male,A
Reject,Male,A
Reject,Male,A
Reject,Male,A
Reject,Male,A
Reject,Male,A
Reject,Male,A
Reject,Male,A
Reject,Male,A
Reject,Male,A
Reject,Male,A
Reject,Male,A
Reject,Male,A
Reject,Male,A
Reject,Male,A
Reject,Male,A
Reject,Male,A
Reject,Male,A
Reject,Male,A
Reject,Male,A
Reject,Male,A
Reject,Male,A
Reject,Male,A
Reject,Male,A
Reject,Male,A
Reject,Male,A
Reject,Male,A
Reject,Male,A
Reject,Male,A
Reject,Male,A
Reject,Male,A
Reject,Male,A
Reject,Male,A
Reject,Male,A
Reject,Male,A
Reject,Male,A
Reject,Male,A
Reject,Male,A
Reject,Male,A
Reject,Male,A
Reject,Male,A
Reject,Male,A
Reject,Male,A
Reject,Male,A
Reject,Male,A
Reject,Male,A
Reject,Male,A
Reject,Male,A
Reject,Male,A
Reject,Male,A
Reject,Male,A
Reject,Male,A
Reject,Male,A
Reject,Male,A
Reject,Male,A
Reject,Male,A
Reject,Male,A
Reject,Male,A
Reject,Male,A
Reject,Male,A
Reject,Male,A
Reject,Male,A
Reject,Male,A
Reject,Male,A
Reject,Male,A
Reject,Male,A
Reject,Male,A
Reject,Male,A
Reject,Male,A
Reject,Male,A
Reject,Male,A
Reject,Male,A
Reject,Male,A
Reject,Male,A
Reject,Male,A
Reject,Male,A
Reject,Male,A
Reject,Male,A
Reject,Male,A
Reject,Male,A
Reject,Male,A
Reject,Male,A
Reject,Male,A
Reject,Male,A
Reject,Male,A
Reject,Male,A
Reject,Male,A
Reject,Male,A
Reject,Male,A
Reject,Male,A
Reject,Male,A
Reject,Male,A
Reject,Male,A
Reject,Male,A
Reject,Male,A
Reject,Male,A
Reject,Male,A
Reject,Male,A
Reject,Male,A
Reject,Male,A
Reject,Male,A
Reject,Male,A
Reject,Male,A
Reject,Male,A
Reject,Male,A
Reject,Male,A
Reject,Male,A
Reject,Male,A
Reject,Male,A
Reject,Male,A
Reject,Male,A
Reject,Male,A
Reject,Male,A
Reject,Male,A
Reject,Male,A
Reject,Male,A
Reject,Male,A
Reject,Male,A
Reject,Male,A
Reject,Male,A
Reject,Male,A
Reject,Male,A
Reject,Male,A
Reject,Male,A
Reject,Male,A
Reject,Male,A
Reject,Male,A
Reject,Male,A
Reject,Male,A
Reject,Male,A
Reject,Male,A
Reject,Male,A
Reject,Male,A
Reject,Male,A
Reject,Male,A
Reject,Male,A
Reject,Male,A
Reject,Male,A
Reject,Male,A
Reject,Male,A
Reject,Male,A
Reject,Male,A
Reject,Male,A
Reject,Male,A
Reject,Male,A
Reject,Male,A
Reject,Male,A
Reject,Male,A
Reject,Male,A
Reject,Male,A
Reject,Male,A
Reject,Male,A
Reject,Male,A
Reject,Male,A
Reject,Male,A
Reject,Male,A
Reject,Male,A
Reject,Male,A
Reject,Male,A
Reject,Male,A
Reject,Male,A
Reject,Male,A
Reject,Male,A
Reject,Male,A
Admit,Female,A
Admit,Female,A
Admit,Female,A
Admit,Female,A
Admit,Female,A
Admit,Female,A
Admit,Female,A
Admit,Female,A
Admit,Female,A
Admit,Female,A
Admit,Female,A
Admit,Female,A
Admit,Female,A
Admit,Female,A
Admit,Female,A
Admit,Female,A
Admit,Female,A
Admit,Female,A
Admit,Female,A
Admit,Female,A
Admit,Female,A
Admit,Female,A
Admit,Female,A
Admit,Female,A
Admit,Female,A
Admit,Female,A
Admit,Female,A
Admit,Female,A
Admit,Female,A
Admit,Female,A
Admit,Female,A
Admit,Female,A
Admit,Female,A
Admit,Female,A
Admit,Female,A
Admit,Female,A
Admit,Female,A
Admit,Female,A
Admit,Female,A
Admit,Female,A
Admit,Female,A
Admit,Female,A
Admit,Female,A
Admit,Female,A
Admit,Female,A
Admit,Female,A
Admit,Female,A
Admit,Female,A
Admit,Female,A
Admit,Female,A
Admit,Female,A
Admit,Female,A
Admit,Female,A
Admit,Female,A
Admit,Female,A
Admit,Female,A
Admit,Female,A
Admit,Female,A
Admit,Female,A
Admit,Female,A
Admit,Female,A
Admit,Female,A
Admit,Female,A
Admit,Female,A
Admit,Female,A
Admit,Female,A
Admit,Female,A
Admit,Female,A
Admit,Female,A
Admit,Female,A
Admit,Female,A
Admit,Female,A
Admit,Female,A
Admit,Female,A
Admit,Female,A
Admit,Female,A
Admit,Female,A
Admit,Female,A
Admit,Female,A
Admit,Female,A
Admit,Female,A
Admit,Female,A
Admit,Female,A
Admit,Female,A
Admit,Female,A
Admit,Female,A
Admit,Female,A
Admit,Female,A
Admit,Female,A
Reject,Female,A
Reject,Female,A
Reject,Female,A
Reject,Female,A
Reject,Female,A
Reject,Female,A
Reject,Female,A
Reject,Female,A
Reject,Female,A
Reject,Female,A
Reject,Female,A
Reject,Female,A
Reject,Female,A
Reject,Female,A
Reject,Female,A
Reject,Female,A
Reject,Female,A
Reject,Female,A
Reject,Female,A
Admit,Male,B
Admit,Male,B
Admit,Male,B
Admit,Male,B
Admit,Male,B
Admit,Male,B
Admit,Male,B
Admit,Male,B
Admit,Male,B
Admit,Male,B
Admit,Male,B
Admit,Male,B
Admit,Male,B
Admit,Male,B
Admit,Male,B
Admit,Male,B
Admit,Male,B
Admit,Male,B
Admit,Male,B
Admit,Male,B
Admit,Male,B
Admit,Male,B
Admit,Male,B
Admit,Male,B
Admit,Male,B
Admit,Male,B
Admit,Male,B
Admit,Male,B
Admit,Male,B
Admit,Male,B
Admit,Male,B
Admit,Male,B
Admit,Male,B
Admit,Male,B
Admit,Male,B
Admit,Male,B
Admit,Male,B
Admit,Male,B
Admit,Male,B
Admit,Male,B
Admit,Male,B
Admit,Male,B
Admit,Male,B
Admit,Male,B
Admit,Male,B
Admit,Male,B
Admit,Male,B
Admit,Male,B
Admit,Male,B
Admit,Male,B
Admit,Male,B
Admit,Male,B
Admit,Male,B
Admit,Male,B
Admit,Male,B
Admit,Male,B
Admit,Male,B
Admit,Male,B
Admit,Male,B
Admit,Male,B
Admit,Male,B
Admit,Male,B
Admit,Male,B
Admit,Male,B
Admit,Male,B
Admit,Male,B
Admit,Male,B
Admit,Male,B
Admit,Male,B
Admit,Male,B
Admit,Male,B
Admit,Male,B
Admit,Male,B
Admit,Male,B
Admit,Male,B
Admit,Male,B
Admit,Male,B
Admit,Male,B
Admit,Male,B
Admit,Male,B
Admit,Male,B
Admit,Male,B
Admit,Male,B
Admit,Male,B
Admit,Male,B
Admit,Male,B
Admit,Male,B
Admit,Male,B
Admit,Male,B
Admit,Male,B
Admit,Male,B
Admit,Male,B
Admit,Male,B
Admit,Male,B
Admit,Male,B
Admit,Male,B
Admit,Male,B
Admit,Male,B
Admit,Male,B
Admit,Male,B
Admit,Male,B
Admit,Male,B
Admit,Male,B
Admit,Male,B
Admit,Male,B
Admit,Male,B
Admit,Male,B
Admit,Male,B
Admit,Male,B
Admit,Male,B
Admit,Male,B
Admit,Male,B
Admit,Male,B
Admit,Male,B
Admit,Male,B
Admit,Male,B
Admit,Male,B
Admit,Male,B
Admit,Male,B
Admit,Male,B
Admit,Male,B
Admit,Male,B
Admit,Male,B
Admit,Male,B
Admit,Male,B
Admit,Male,B
Admit,Male,B
Admit,Male,B
Admit,Male,B
Admit,Male,B
Admit,Male,B
Admit,Male,B
Admit,Male,B
Admit,Male,B
Admit,Male,B
Admit,Male,B
Admit,Male,B
Admit,Male,B
Admit,Male,B
Admit,Male,B
Admit,Male,B
Admit,Male,B
Admit,Male,B
Admit,Male,B
Admit,Male,B
Admit,Male,B
Admit,Male,B
Admit,Male,B
Admit,Male,B
Admit,Male,B
Admit,Male,B
Admit,Male,B
Admit,Male,B
Admit,Male,B
Admit,Male,B
Admit,Male,B
Admit,Male,B
Admit,Male,B
Admit,Male,B
Admit,Male,B
Admit,Male,B
Admit,Male,B
Admit,Male,B
Admit,Male,B
Admit,Male,B
Admit,Male,B
Admit,Male,B
Admit,Male,B
Admit,Male,B
Admit,Male,B
Admit,Male,B
Admit,Male,B
Admit,Male,B
Admit,Male,B
Admit,Male,B
Admit,Male,B
Admit,Male,B
Admit,Male,B
Admit,Male,B
Admit,Male,B
Admit,Male,B
Admit,Male,B
Admit,Male,B
Admit,Male,B
Admit,Male,B
Admit,Male,B
Admit,Male,B
Admit,Male,B
Admit,Male,B
Admit,Male,B
Admit,Male,B
Admit,Male,B
Admit,Male,B
Admit,Male,B
Admit,Male,B
Admit,Male,B
Admit,Male,B
Admit,Male,B
Admit,Male,B
Admit,Male,B
Admit,Male,B
Admit,Male,B
Admit,Male,B
Admit,Male,B
Admit,Male,B
Admit,Male,B
Admit,Male,B
Admit,Male,B
Admit,Male,B
Admit,Male,B
Admit,Male,B
Admit,Male,B
Admit,Male,B
Admit,Male,B
Admit,Male,B
Admit,Male,B
Admit,Male,B
Admit,Male,B
Admit,Male,B
Admit,Male,B
Admit,Male,B
Admit,Male,B
Admit,Male,B
Admit,Male,B
Admit,Male,B
Admit,Male,B
Admit,Male,B
Admit,Male,B
Admit,Male,B
Admit,Male,B
Admit,Male,B
Admit,Male,B
Admit,Male,B
Admit,Male,B
Admit,Male,B
Admit,Male,B
Admit,Male,B
Admit,Male,B
Admit,Male,B
Admit,Male,B
Admit,Male,B
Admit,Male,B
Admit,Male,B
Admit,Male,B
Admit,Male,B
Admit,Male,B
Admit,Male,B
Admit,Male,B
Admit,Male,B
Admit,Male,B
Admit,Male,B
Admit,Male,B
Admit,Male,B
Admit,Male,B
Admit,Male,B
Admit,Male,B
Admit,Male,B
Admit,Male,B
Admit,Male,B
Admit,Male,B
Admit,Male,B
Admit,Male,B
Admit,Male,B
Admit,Male,B
Admit,Male,B
Admit,Male,B
Admit,Male,B
Admit,Male,B
Admit,Male,B
Admit,Male,B
Admit,Male,B
Admit,Male,B
Admit,Male,B
Admit,Male,B
Admit,Male,B
Admit,Male,B
Admit,Male,B
Admit,Male,B
Admit,Male,B
Admit,Male,B
Admit,Male,B
Admit,Male,B
Admit,Male,B
Admit,Male,B
Admit,Male,B
Admit,Male,B
Admit,Male,B
Admit,Male,B
Admit,Male,B
Admit,Male,B
Admit,Male,B
Admit,Male,B
Admit,Male,B
Admit,Male,B
Admit,Male,B
Admit,Male,B
Admit,Male,B
Admit,Male,B
Admit,Male,B
Admit,Male,B
Admit,Male,B
Admit,Male,B
Admit,Male,B
Admit,Male,B
Admit,Male,B
Admit,Male,B
Admit,Male,B
Admit,Male,B
Admit,Male,B
Admit,Male,B
Admit,Male,B
Admit,Male,B
Admit,Male,B
Admit,Male,B
Admit,Male,B
Admit,Male,B
Admit,Male,B
Admit,Male,B
Admit,Male,B
Admit,Male,B
Admit,Male,B
Admit,Male,B
Admit,Male,B
Admit,Male,B
Admit,Male,B
Admit,Male,B
Admit,Male,B
Admit,Male,B
Admit,Male,B
Admit,Male,B
Admit,Male,B
Admit,Male,B
Admit,Male,B
Admit,Male,B
Admit,Male,B
Admit,Male,B
Admit,Male,B
Admit,Male,B
Admit,Male,B
Admit,Male,B
Admit,Male,B
Admit,Male,B
Admit,Male,B
Admit,Male,B
Admit,Male,B
Admit,Male,B
Admit,Male,B
Admit,Male,B
Admit,Male,B
Admit,Male,B
Admit,Male,B
Admit,Male,B
Admit,Male,B
Reject,Male,B
Reject,Male,B
Reject,Male,B
Reject,Male,B
Reject,Male,B
Reject,Male,B
Reject,Male,B
Reject,Male,B
Reject,Male,B
Reject,Male,B
Reject,Male,B
Reject,Male,B
Reject,Male,B
Reject,Male,B
Reject,Male,B
Reject,Male,B
Reject,Male,B
Reject,Male,B
Reject,Male,B
Reject,Male,B
Reject,Male,B
Reject,Male,B
Reject,Male,B
Reject,Male,B
Reject,Male,B
Reject,Male,B
Reject,Male,B
Reject,Male,B
Reject,Male,B
Reject,Male,B
Reject,Male,B
Reject,Male,B
Reject,Male,B
Reject,Male,B
Reject,Male,B
Reject,Male,B
Reject,Male,B
Reject,Male,B
Reject,Male,B
Reject,Male,B
Reject,Male,B
Reject,Male,B
Reject,Male,B
Reject,Male,B
Reject,Male,B
Reject,Male,B
Reject,Male,B
Reject,Male,B
Reject,Male,B
Reject,Male,B
Reject,Male,B
Reject,Male,B
Reject,Male,B
Reject,Male,B
Reject,Male,B
Reject,Male,B
Reject,Male,B
Reject,Male,B
Reject,Male,B
Reject,Male,B
Reject,Male,B
Reject,Male,B
Reject,Male,B
Reject,Male,B
Reject,Male,B
Reject,Male,B
Reject,Male,B
Reject,Male,B
Reject,Male,B
Reject,Male,B
Reject,Male,B
Reject,Male,B
Reject,Male,B
Reject,Male,B
Reject,Male,B
Reject,Male,B
Reject,Male,B
Reject,Male,B
Reject,Male,B
Reject,Male,B
Reject,Male,B
Reject,Male,B
Reject,Male,B
Reject,Male,B
Reject,Male,B
Reject,Male,B
Reject,Male,B
Reject,Male,B
Reject,Male,B
Reject,Male,B
Reject,Male,B
Reject,Male,B
Reject,Male,B
Reject,Male,B
Reject,Male,B
Reject,Male,B
Reject,Male,B
Reject,Male,B
Reject,Male,B
Reject,Male,B
Reject,Male,B
Reject,Male,B
Reject,Male,B
Reject,Male,B
Reject,Male,B
Reject,Male,B
Reject,Male,B
Reject,Male,B
Reject,Male,B
Reject,Male,B
Reject,Male,B
Reject,Male,B
Reject,Male,B
Reject,Male,B
Reject,Male,B
Reject,Male,B
Reject,Male,B
Reject,Male,B
Reject,Male,B
Reject,Male,B
Reject,Male,B
Reject,Male,B
Reject,Male,B
Reject,Male,B
Reject,Male,B
Reject,Male,B
Reject,Male,B
Reject,Male,B
Reject,Male,B
Reject,Male,B
Reject,Male,B
Reject,Male,B
Reject,Male,B
Reject,Male,B
Reject,Male,B
Reject,Male,B
Reject,Male,B
Reject,Male,B
Reject,Male,B
Reject,Male,B
Reject,Male,B
Reject,Male,B
Reject,Male,B
Reject,Male,B
Reject,Male,B
Reject,Male,B
Reject,Male,B
Reject,Male,B
Reject,Male,B
Reject,Male,B
Reject,Male,B
Reject,Male,B
Reject,Male,B
Reject,Male,B
Reject,Male,B
Reject,Male,B
Reject,Male,B
Reject,Male,B
Reject,Male,B
Reject,Male,B
Reject,Male,B
Reject,Male,B
Reject,Male,B
Reject,Male,B
Reject,Male,B
Reject,Male,B
Reject,Male,B
Reject,Male,B
Reject,Male,B
Reject,Male,B
Reject,Male,B
Reject,Male,B
Reject,Male,B
Reject,Male,B
Reject,Male,B
Reject,Male,B
Reject,Male,B
Reject,Male,B
Reject,Male,B
Reject,Male,B
Reject,Male,B
Reject,Male,B
Reject,Male,B
Reject,Male,B
Reject,Male,B
Reject,Male,B
Reject,Male,B
Reject,Male,B
Reject,Male,B
Reject,Male,B
Reject,Male,B
Reject,Male,B
Reject,Male,B
Reject,Male,B
Reject,Male,B
Reject,Male,B
Reject,Male,B
Reject,Male,B
Reject,Male,B
Reject,Male,B
Reject,Male,B
Reject,Male,B
Reject,Male,B
Reject,Male,B
Reject,Male,B
Reject,Male,B
Reject,Male,B
Admit,Female,B
Admit,Female,B
Admit,Female,B
Admit,Female,B
Admit,Female,B
Admit,Female,B
Admit,Female,B
Admit,Female,B
Admit,Female,B
Admit,Female,B
Admit,Female,B
Admit,Female,B
Admit,Female,B
Admit,Female,B
Admit,Female,B
Admit,Female,B
Admit,Female,B
Reject,Female,B
Reject,Female,B
Reject,Female,B
Reject,Female,B
Reject,Female,B
Reject,Female,B
Reject,Female,B
Reject,Female,B
Admit,Male,C
Admit,Male,C
Admit,Male,C
Admit,Male,C
Admit,Male,C
Admit,Male,C
Admit,Male,C
Admit,Male,C
Admit,Male,C
Admit,Male,C
Admit,Male,C
Admit,Male,C
Admit,Male,C
Admit,Male,C
Admit,Male,C
Admit,Male,C
Admit,Male,C
Admit,Male,C
Admit,Male,C
Admit,Male,C
Admit,Male,C
Admit,Male,C
Admit,Male,C
Admit,Male,C
Admit,Male,C
Admit,Male,C
Admit,Male,C
Admit,Male,C
Admit,Male,C
Admit,Male,C
Admit,Male,C
Admit,Male,C
Admit,Male,C
Admit,Male,C
Admit,Male,C
Admit,Male,C
Admit,Male,C
Admit,Male,C
Admit,Male,C
Admit,Male,C
Admit,Male,C
Admit,Male,C
Admit,Male,C
Admit,Male,C
Admit,Male,C
Admit,Male,C
Admit,Male,C
Admit,Male,C
Admit,Male,C
Admit,Male,C
Admit,Male,C
Admit,Male,C
Admit,Male,C
Admit,Male,C
Admit,Male,C
Admit,Male,C
Admit,Male,C
Admit,Male,C
Admit,Male,C
Admit,Male,C
Admit,Male,C
Admit,Male,C
Admit,Male,C
Admit,Male,C
Admit,Male,C
Admit,Male,C
Admit,Male,C
Admit,Male,C
Admit,Male,C
Admit,Male,C
Admit,Male,C
Admit,Male,C
Admit,Male,C
Admit,Male,C
Admit,Male,C
Admit,Male,C
Admit,Male,C
Admit,Male,C
Admit,Male,C
Admit,Male,C
Admit,Male,C
Admit,Male,C
Admit,Male,C
Admit,Male,C
Admit,Male,C
Admit,Male,C
Admit,Male,C
Admit,Male,C
Admit,Male,C
Admit,Male,C
Admit,Male,C
Admit,Male,C
Admit,Male,C
Admit,Male,C
Admit,Male,C
Admit,Male,C
Admit,Male,C
Admit,Male,C
Admit,Male,C
Admit,Male,C
Admit,Male,C
Admit,Male,C
Admit,Male,C
Admit,Male,C
Admit,Male,C
Admit,Male,C
Admit,Male,C
Admit,Male,C
Admit,Male,C
Admit,Male,C
Admit,Male,C
Admit,Male,C
Admit,Male,C
Admit,Male,C
Admit,Male,C
Admit,Male,C
Admit,Male,C
Admit,Male,C
Admit,Male,C
Admit,Male,C
Reject,Male,C
Reject,Male,C
Reject,Male,C
Reject,Male,C
Reject,Male,C
Reject,Male,C
Reject,Male,C
Reject,Male,C
Reject,Male,C
Reject,Male,C
Reject,Male,C
Reject,Male,C
Reject,Male,C
Reject,Male,C
Reject,Male,C
Reject,Male,C
Reject,Male,C
Reject,Male,C
Reject,Male,C
Reject,Male,C
Reject,Male,C
Reject,Male,C
Reject,Male,C
Reject,Male,C
Reject,Male,C
Reject,Male,C
Reject,Male,C
Reject,Male,C
Reject,Male,C
Reject,Male,C
Reject,Male,C
Reject,Male,C
Reject,Male,C
Reject,Male,C
Reject,Male,C
Reject,Male,C
Reject,Male,C
Reject,Male,C
Reject,Male,C
Reject,Male,C
Reject,Male,C
Reject,Male,C
Reject,Male,C
Reject,Male,C
Reject,Male,C
Reject,Male,C
Reject,Male,C
Reject,Male,C
Reject,Male,C
Reject,Male,C
Reject,Male,C
Reject,Male,C
Reject,Male,C
Reject,Male,C
Reject,Male,C
Reject,Male,C
Reject,Male,C
Reject,Male,C
Reject,Male,C
Reject,Male,C
Reject,Male,C
Reject,Male,C
Reject,Male,C
Reject,Male,C
Reject,Male,C
Reject,Male,C
Reject,Male,C
Reject,Male,C
Reject,Male,C
Reject,Male,C
Reject,Male,C
Reject,Male,C
Reject,Male,C
Reject,Male,C
Reject,Male,C
Reject,Male,C
Reject,Male,C
Reject,Male,C
Reject,Male,C
Reject,Male,C
Reject,Male,C
Reject,Male,C
Reject,Male,C
Reject,Male,C
Reject,Male,C
Reject,Male,C
Reject,Male,C
Reject,Male,C
Reject,Male,C
Reject,Male,C
Reject,Male,C
Reject,Male,C
Reject,Male,C
Reject,Male,C
Reject,Male,C
Reject,Male,C
Reject,Male,C
Reject,Male,C
Reject,Male,C
Reject,Male,C
Reject,Male,C
Reject,Male,C
Reject,Male,C
Reject,Male,C
Reject,Male,C
Reject,Male,C
Reject,Male,C
Reject,Male,C
Reject,Male,C
Reject,Male,C
Reject,Male,C
Reject,Male,C
Reject,Male,C
Reject,Male,C
Reject,Male,C
Reject,Male,C
Reject,Male,C
Reject,Male,C
Reject,Male,C
Reject,Male,C
Reject,Male,C
Reject,Male,C
Reject,Male,C
Reject,Male,C
Reject,Male,C
Reject,Male,C
Reject,Male,C
Reject,Male,C
Reject,Male,C
Reject,Male,C
Reject,Male,C
Reject,Male,C
Reject,Male,C
Reject,Male,C
Reject,Male,C
Reject,Male,C
Reject,Male,C
Reject,Male,C
Reject,Male,C
Reject,Male,C
Reject,Male,C
Reject,Male,C
Reject,Male,C
Reject,Male,C
Reject,Male,C
Reject,Male,C
Reject,Male,C
Reject,Male,C
Reject,Male,C
Reject,Male,C
Reject,Male,C
Reject,Male,C
Reject,Male,C
Reject,Male,C
Reject,Male,C
Reject,Male,C
Reject,Male,C
Reject,Male,C
Reject,Male,C
Reject,Male,C
Reject,Male,C
Reject,Male,C
Reject,Male,C
Reject,Male,C
Reject,Male,C
Reject,Male,C
Reject,Male,C
Reject,Male,C
Reject,Male,C
Reject,Male,C
Reject,Male,C
Reject,Male,C
Reject,Male,C
Reject,Male,C
Reject,Male,C
Reject,Male,C
Reject,Male,C
Reject,Male,C
Reject,Male,C
Reject,Male,C
Reject,Male,C
Reject,Male,C
Reject,Male,C
Reject,Male,C
Reject,Male,C
Reject,Male,C
Reject,Male,C
Reject,Male,C
Reject,Male,C
Reject,Male,C
Reject,Male,C
Reject,Male,C
Reject,Male,C
Reject,Male,C
Reject,Male,C
Reject,Male,C
Reject,Male,C
Reject,Male,C
Reject,Male,C
Reject,Male,C
Reject,Male,C
Reject,Male,C
Reject,Male,C
Reject,Male,C
Reject,Male,C
Admit,Female,C
Admit,Female,C
Admit,Female,C
Admit,Female,C
Admit,Female,C
Admit,Female,C
Admit,Female,C
Admit,Female,C
Admit,Female,C
Admit,Female,C
Admit,Female,C
Admit,Female,C
Admit,Female,C
Admit,Female,C
Admit,Female,C
Admit,Female,C
Admit,Female,C
Admit,Female,C
Admit,Female,C
Admit,Female,C
Admit,Female,C
Admit,Female,C
Admit,Female,C
Admit,Female,C
Admit,Female,C
Admit,Female,C
Admit,Female,C
Admit,Female,C
Admit,Female,C
Admit,Female,C
Admit,Female,C
Admit,Female,C
Admit,Female,C
Admit,Female,C
Admit,Female,C
Admit,Female,C
Admit,Female,C
Admit,Female,C
Admit,Female,C
Admit,Female,C
Admit,Female,C
Admit,Female,C
Admit,Female,C
Admit,Female,C
Admit,Female,C
Admit,Female,C
Admit,Female,C
Admit,Female,C
Admit,Female,C
Admit,Female,C
Admit,Female,C
Admit,Female,C
Admit,Female,C
Admit,Female,C
Admit,Female,C
Admit,Female,C
Admit,Female,C
Admit,Female,C
Admit,Female,C
Admit,Female,C
Admit,Female,C
Admit,Female,C
Admit,Female,C
Admit,Female,C
Admit,Female,C
Admit,Female,C
Admit,Female,C
Admit,Female,C
Admit,Female,C
Admit,Female,C
Admit,Female,C
Admit,Female,C
Admit,Female,C
Admit,Female,C
Admit,Female,C
Admit,Female,C
Admit,Female,C
Admit,Female,C
Admit,Female,C
Admit,Female,C
Admit,Female,C
Admit,Female,C
Admit,Female,C
Admit,Female,C
Admit,Female,C
Admit,Female,C
Admit,Female,C
Admit,Female,C
Admit,Female,C
Admit,Female,C
Admit,Female,C
Admit,Female,C
Admit,Female,C
Admit,Female,C
Admit,Female,C
Admit,Female,C
Admit,Female,C
Admit,Female,C
Admit,Female,C
Admit,Female,C
Admit,Female,C
Admit,Female,C
Admit,Female,C
Admit,Female,C
Admit,Female,C
Admit,Female,C
Admit,Female,C
Admit,Female,C
Admit,Female,C
Admit,Female,C
Admit,Female,C
Admit,Female,C
Admit,Female,C
Admit,Female,C
Admit,Female,C
Admit,Female,C
Admit,Female,C
Admit,Female,C
Admit,Female,C
Admit,Female,C
Admit,Female,C
Admit,Female,C
Admit,Female,C
Admit,Female,C
Admit,Female,C
Admit,Female,C
Admit,Female,C
Admit,Female,C
Admit,Female,C
Admit,Female,C
Admit,Female,C
Admit,Female,C
Admit,Female,C
Admit,Female,C
Admit,Female,C
Admit,Female,C
Admit,Female,C
Admit,Female,C
Admit,Female,C
Admit,Female,C
Admit,Female,C
Admit,Female,C
Admit,Female,C
Admit,Female,C
Admit,Female,C
Admit,Female,C
Admit,Female,C
Admit,Female,C
Admit,Female,C
Admit,Female,C
Admit,Female,C
Admit,Female,C
Admit,Female,C
Admit,Female,C
Admit,Female,C
Admit,Female,C
Admit,Female,C
Admit,Female,C
Admit,Female,C
Admit,Female,C
Admit,Female,C
Admit,Female,C
Admit,Female,C
Admit,Female,C
Admit,Female,C
Admit,Female,C
Admit,Female,C
Admit,Female,C
Admit,Female,C
Admit,Female,C
Admit,Female,C
Admit,Female,C
Admit,Female,C
Admit,Female,C
Admit,Female,C
Admit,Female,C
Admit,Female,C
Admit,Female,C
Admit,Female,C
Admit,Female,C
Admit,Female,C
Admit,Female,C
Admit,Female,C
Admit,Female,C
Admit,Female,C
Admit,Female,C
Admit,Female,C
Admit,Female,C
Admit,Female,C
Admit,Female,C
Admit,Female,C
Admit,Female,C
Admit,Female,C
Admit,Female,C
Admit,Female,C
Admit,Female,C
Admit,Female,C
Admit,Female,C
Admit,Female,C
Admit,Female,C
Admit,Female,C
Admit,Female,C
Reject,Female,C
Reject,Female,C
Reject,Female,C
Reject,Female,C
Reject,Female,C
Reject,Female,C
Reject,Female,C
Reject,Female,C
Reject,Female,C
Reject,Female,C
Reject,Female,C
Reject,Female,C
Reject,Female,C
Reject,Female,C
Reject,Female,C
Reject,Female,C
Reject,Female,C
Reject,Female,C
Reject,Female,C
Reject,Female,C
Reject,Female,C
Reject,Female,C
Reject,Female,C
Reject,Female,C
Reject,Female,C
Reject,Female,C
Reject,Female,C
Reject,Female,C
Reject,Female,C
Reject,Female,C
Reject,Female,C
Reject,Female,C
Reject,Female,C
Reject,Female,C
Reject,Female,C
Reject,Female,C
Reject,Female,C
Reject,Female,C
Reject,Female,C
Reject,Female,C
Reject,Female,C
Reject,Female,C
Reject,Female,C
Reject,Female,C
Reject,Female,C
Reject,Female,C
Reject,Female,C
Reject,Female,C
Reject,Female,C
Reject,Female,C
Reject,Female,C
Reject,Female,C
Reject,Female,C
Reject,Female,C
Reject,Female,C
Reject,Female,C
Reject,Female,C
Reject,Female,C
Reject,Female,C
Reject,Female,C
Reject,Female,C
Reject,Female,C
Reject,Female,C
Reject,Female,C
Reject,Female,C
Reject,Female,C
Reject,Female,C
Reject,Female,C
Reject,Female,C
Reject,Female,C
Reject,Female,C
Reject,Female,C
Reject,Female,C
Reject,Female,C
Reject,Female,C
Reject,Female,C
Reject,Female,C
Reject,Female,C
Reject,Female,C
Reject,Female,C
Reject,Female,C
Reject,Female,C
Reject,Female,C
Reject,Female,C
Reject,Female,C
Reject,Female,C
Reject,Female,C
Reject,Female,C
Reject,Female,C
Reject,Female,C
Reject,Female,C
Reject,Female,C
Reject,Female,C
Reject,Female,C
Reject,Female,C
Reject,Female,C
Reject,Female,C
Reject,Female,C
Reject,Female,C
Reject,Female,C
Reject,Female,C
Reject,Female,C
Reject,Female,C
Reject,Female,C
Reject,Female,C
Reject,Female,C
Reject,Female,C
Reject,Female,C
Reject,Female,C
Reject,Female,C
Reject,Female,C
Reject,Female,C
Reject,Female,C
Reject,Female,C
Reject,Female,C
Reject,Female,C
Reject,Female,C
Reject,Female,C
Reject,Female,C
Reject,Female,C
Reject,Female,C
Reject,Female,C
Reject,Female,C
Reject,Female,C
Reject,Female,C
Reject,Female,C
Reject,Female,C
Reject,Female,C
Reject,Female,C
Reject,Female,C
Reject,Female,C
Reject,Female,C
Reject,Female,C
Reject,Female,C
Reject,Female,C
Reject,Female,C
Reject,Female,C
Reject,Female,C
Reject,Female,C
Reject,Female,C
Reject,Female,C
Reject,Female,C
Reject,Female,C
Reject,Female,C
Reject,Female,C
Reject,Female,C
Reject,Female,C
Reject,Female,C
Reject,Female,C
Reject,Female,C
Reject,Female,C
Reject,Female,C
Reject,Female,C
Reject,Female,C
Reject,Female,C
Reject,Female,C
Reject,Female,C
Reject,Female,C
Reject,Female,C
Reject,Female,C
Reject,Female,C
Reject,Female,C
Reject,Female,C
Reject,Female,C
Reject,Female,C
Reject,Female,C
Reject,Female,C
Reject,Female,C
Reject,Female,C
Reject,Female,C
Reject,Female,C
Reject,Female,C
Reject,Female,C
Reject,Female,C
Reject,Female,C
Reject,Female,C
Reject,Female,C
Reject,Female,C
Reject,Female,C
Reject,Female,C
Reject,Female,C
Reject,Female,C
Reject,Female,C
Reject,Female,C
Reject,Female,C
Reject,Female,C
Reject,Female,C
Reject,Female,C
Reject,Female,C
Reject,Female,C
Reject,Female,C
Reject,Female,C
Reject,Female,C
Reject,Female,C
Reject,Female,C
Reject,Female,C
Reject,Female,C
Reject,Female,C
Reject,Female,C
Reject,Female,C
Reject,Female,C
Reject,Female,C
Reject,Female,C
Reject,Female,C
Reject,Female,C
Reject,Female,C
Reject,Female,C
Reject,Female,C
Reject,Female,C
Reject,Female,C
Reject,Female,C
Reject,Female,C
Reject,Female,C
Reject,Female,C
Reject,Female,C
Reject,Female,C
Reject,Female,C
Reject,Female,C
Reject,Female,C
Reject,Female,C
Reject,Female,C
Reject,Female,C
Reject,Female,C
Reject,Female,C
Reject,Female,C
Reject,Female,C
Reject,Female,C
Reject,Female,C
Reject,Female,C
Reject,Female,C
Reject,Female,C
Reject,Female,C
Reject,Female,C
Reject,Female,C
Reject,Female,C
Reject,Female,C
Reject,Female,C
Reject,Female,C
Reject,Female,C
Reject,Female,C
Reject,Female,C
Reject,Female,C
Reject,Female,C
Reject,Female,C
Reject,Female,C
Reject,Female,C
Reject,Female,C
Reject,Female,C
Reject,Female,C
Reject,Female,C
Reject,Female,C
Reject,Female,C
Reject,Female,C
Reject,Female,C
Reject,Female,C
Reject,Female,C
Reject,Female,C
Reject,Female,C
Reject,Female,C
Reject,Female,C
Reject,Female,C
Reject,Female,C
Reject,Female,C
Reject,Female,C
Reject,Female,C
Reject,Female,C
Reject,Female,C
Reject,Female,C
Reject,Female,C
Reject,Female,C
Reject,Female,C
Reject,Female,C
Reject,Female,C
Reject,Female,C
Reject,Female,C
Reject,Female,C
Reject,Female,C
Reject,Female,C
Reject,Female,C
Reject,Female,C
Reject,Female,C
Reject,Female,C
Reject,Female,C
Reject,Female,C
Reject,Female,C
Reject,Female,C
Reject,Female,C
Reject,Female,C
Reject,Female,C
Reject,Female,C
Reject,Female,C
Reject,Female,C
Reject,Female,C
Reject,Female,C
Reject,Female,C
Reject,Female,C
Reject,Female,C
Reject,Female,C
Reject,Female,C
Reject,Female,C
Reject,Female,C
Reject,Female,C
Reject,Female,C
Reject,Female,C
Reject,Female,C
Reject,Female,C
Reject,Female,C
Reject,Female,C
Reject,Female,C
Reject,Female,C
Reject,Female,C
Reject,Female,C
Reject,Female,C
Reject,Female,C
Reject,Female,C
Reject,Female,C
Reject,Female,C
Reject,Female,C
Reject,Female,C
Reject,Female,C
Reject,Female,C
Reject,Female,C
Reject,Female,C
Reject,Female,C
Reject,Female,C
Reject,Female,C
Reject,Female,C
Reject,Female,C
Reject,Female,C
Reject,Female,C
Reject,Female,C
Reject,Female,C
Reject,Female,C
Reject,Female,C
Reject,Female,C
Reject,Female,C
Reject,Female,C
Reject,Female,C
Reject,Female,C
Reject,Female,C
Reject,Female,C
Reject,Female,C
Reject,Female,C
Reject,Female,C
Reject,Female,C
Reject,Female,C
Reject,Female,C
Reject,Female,C
Reject,Female,C
Reject,Female,C
Reject,Female,C
Reject,Female,C
Reject,Female,C
Reject,Female,C
Reject,Female,C
Reject,Female,C
Reject,Female,C
Reject,Female,C
Reject,Female,C
Reject,Female,C
Reject,Female,C
Reject,Female,C
Reject,Female,C
Reject,Female,C
Reject,Female,C
Reject,Female,C
Reject,Female,C
Reject,Female,C
Reject,Female,C
Reject,Female,C
Reject,Female,C
Reject,Female,C
Reject,Female,C
Reject,Female,C
Reject,Female,C
Reject,Female,C
Reject,Female,C
Reject,Female,C
Reject,Female,C
Reject,Female,C
Reject,Female,C
Reject,Female,C
Reject,Female,C
Reject,Female,C
Reject,Female,C
Reject,Female,C
Reject,Female,C
Reject,Female,C
Reject,Female,C
Reject,Female,C
Reject,Female,C
Admit,Male,D
Admit,Male,D
Admit,Male,D
Admit,Male,D
Admit,Male,D
Admit,Male,D
Admit,Male,D
Admit,Male,D
Admit,Male,D
Admit,Male,D
Admit,Male,D
Admit,Male,D
Admit,Male,D
Admit,Male,D
Admit,Male,D
Admit,Male,D
Admit,Male,D
Admit,Male,D
Admit,Male,D
Admit,Male,D
Admit,Male,D
Admit,Male,D
Admit,Male,D
Admit,Male,D
Admit,Male,D
Admit,Male,D
Admit,Male,D
Admit,Male,D
Admit,Male,D
Admit,Male,D
Admit,Male,D
Admit,Male,D
Admit,Male,D
Admit,Male,D
Admit,Male,D
Admit,Male,D
Admit,Male,D
Admit,Male,D
Admit,Male,D
Admit,Male,D
Admit,Male,D
Admit,Male,D
Admit,Male,D
Admit,Male,D
Admit,Male,D
Admit,Male,D
Admit,Male,D
Admit,Male,D
Admit,Male,D
Admit,Male,D
Admit,Male,D
Admit,Male,D
Admit,Male,D
Admit,Male,D
Admit,Male,D
Admit,Male,D
Admit,Male,D
Admit,Male,D
Admit,Male,D
Admit,Male,D
Admit,Male,D
Admit,Male,D
Admit,Male,D
Admit,Male,D
Admit,Male,D
Admit,Male,D
Admit,Male,D
Admit,Male,D
Admit,Male,D
Admit,Male,D
Admit,Male,D
Admit,Male,D
Admit,Male,D
Admit,Male,D
Admit,Male,D
Admit,Male,D
Admit,Male,D
Admit,Male,D
Admit,Male,D
Admit,Male,D
Admit,Male,D
Admit,Male,D
Admit,Male,D
Admit,Male,D
Admit,Male,D
Admit,Male,D
Admit,Male,D
Admit,Male,D
Admit,Male,D
Admit,Male,D
Admit,Male,D
Admit,Male,D
Admit,Male,D
Admit,Male,D
Admit,Male,D
Admit,Male,D
Admit,Male,D
Admit,Male,D
Admit,Male,D
Admit,Male,D
Admit,Male,D
Admit,Male,D
Admit,Male,D
Admit,Male,D
Admit,Male,D
Admit,Male,D
Admit,Male,D
Admit,Male,D
Admit,Male,D
Admit,Male,D
Admit,Male,D
Admit,Male,D
Admit,Male,D
Admit,Male,D
Admit,Male,D
Admit,Male,D
Admit,Male,D
Admit,Male,D
Admit,Male,D
Admit,Male,D
Admit,Male,D
Admit,Male,D
Admit,Male,D
Admit,Male,D
Admit,Male,D
Admit,Male,D
Admit,Male,D
Admit,Male,D
Admit,Male,D
Admit,Male,D
Admit,Male,D
Admit,Male,D
Admit,Male,D
Admit,Male,D
Admit,Male,D
Admit,Male,D
Admit,Male,D
Admit,Male,D
Reject,Male,D
Reject,Male,D
Reject,Male,D
Reject,Male,D
Reject,Male,D
Reject,Male,D
Reject,Male,D
Reject,Male,D
Reject,Male,D
Reject,Male,D
Reject,Male,D
Reject,Male,D
Reject,Male,D
Reject,Male,D
Reject,Male,D
Reject,Male,D
Reject,Male,D
Reject,Male,D
Reject,Male,D
Reject,Male,D
Reject,Male,D
Reject,Male,D
Reject,Male,D
Reject,Male,D
Reject,Male,D
Reject,Male,D
Reject,Male,D
Reject,Male,D
Reject,Male,D
Reject,Male,D
Reject,Male,D
Reject,Male,D
Reject,Male,D
Reject,Male,D
Reject,Male,D
Reject,Male,D
Reject,Male,D
Reject,Male,D
Reject,Male,D
Reject,Male,D
Reject,Male,D
Reject,Male,D
Reject,Male,D
Reject,Male,D
Reject,Male,D
Reject,Male,D
Reject,Male,D
Reject,Male,D
Reject,Male,D
Reject,Male,D
Reject,Male,D
Reject,Male,D
Reject,Male,D
Reject,Male,D
Reject,Male,D
Reject,Male,D
Reject,Male,D
Reject,Male,D
Reject,Male,D
Reject,Male,D
Reject,Male,D
Reject,Male,D
Reject,Male,D
Reject,Male,D
Reject,Male,D
Reject,Male,D
Reject,Male,D
Reject,Male,D
Reject,Male,D
Reject,Male,D
Reject,Male,D
Reject,Male,D
Reject,Male,D
Reject,Male,D
Reject,Male,D
Reject,Male,D
Reject,Male,D
Reject,Male,D
Reject,Male,D
Reject,Male,D
Reject,Male,D
Reject,Male,D
Reject,Male,D
Reject,Male,D
Reject,Male,D
Reject,Male,D
Reject,Male,D
Reject,Male,D
Reject,Male,D
Reject,Male,D
Reject,Male,D
Reject,Male,D
Reject,Male,D
Reject,Male,D
Reject,Male,D
Reject,Male,D
Reject,Male,D
Reject,Male,D
Reject,Male,D
Reject,Male,D
Reject,Male,D
Reject,Male,D
Reject,Male,D
Reject,Male,D
Reject,Male,D
Reject,Male,D
Reject,Male,D
Reject,Male,D
Reject,Male,D
Reject,Male,D
Reject,Male,D
Reject,Male,D
Reject,Male,D
Reject,Male,D
Reject,Male,D
Reject,Male,D
Reject,Male,D
Reject,Male,D
Reject,Male,D
Reject,Male,D
Reject,Male,D
Reject,Male,D
Reject,Male,D
Reject,Male,D
Reject,Male,D
Reject,Male,D
Reject,Male,D
Reject,Male,D
Reject,Male,D
Reject,Male,D
Reject,Male,D
Reject,Male,D
Reject,Male,D
Reject,Male,D
Reject,Male,D
Reject,Male,D
Reject,Male,D
Reject,Male,D
Reject,Male,D
Reject,Male,D
Reject,Male,D
Reject,Male,D
Reject,Male,D
Reject,Male,D
Reject,Male,D
Reject,Male,D
Reject,Male,D
Reject,Male,D
Reject,Male,D
Reject,Male,D
Reject,Male,D
Reject,Male,D
Reject,Male,D
Reject,Male,D
Reject,Male,D
Reject,Male,D
Reject,Male,D
Reject,Male,D
Reject,Male,D
Reject,Male,D
Reject,Male,D
Reject,Male,D
Reject,Male,D
Reject,Male,D
Reject,Male,D
Reject,Male,D
Reject,Male,D
Reject,Male,D
Reject,Male,D
Reject,Male,D
Reject,Male,D
Reject,Male,D
Reject,Male,D
Reject,Male,D
Reject,Male,D
Reject,Male,D
Reject,Male,D
Reject,Male,D
Reject,Male,D
Reject,Male,D
Reject,Male,D
Reject,Male,D
Reject,Male,D
Reject,Male,D
Reject,Male,D
Reject,Male,D
Reject,Male,D
Reject,Male,D
Reject,Male,D
Reject,Male,D
Reject,Male,D
Reject,Male,D
Reject,Male,D
Reject,Male,D
Reject,Male,D
Reject,Male,D
Reject,Male,D
Reject,Male,D
Reject,Male,D
Reject,Male,D
Reject,Male,D
Reject,Male,D
Reject,Male,D
Reject,Male,D
Reject,Male,D
Reject,Male,D
Reject,Male,D
Reject,Male,D
Reject,Male,D
Reject,Male,D
Reject,Male,D
Reject,Male,D
Reject,Male,D
Reject,Male,D
Reject,Male,D
Reject,Male,D
Reject,Male,D
Reject,Male,D
Reject,Male,D
Reject,Male,D
Reject,Male,D
Reject,Male,D
Reject,Male,D
Reject,Male,D
Reject,Male,D
Reject,Male,D
Reject,Male,D
Reject,Male,D
Reject,Male,D
Reject,Male,D
Reject,Male,D
Reject,Male,D
Reject,Male,D
Reject,Male,D
Reject,Male,D
Reject,Male,D
Reject,Male,D
Reject,Male,D
Reject,Male,D
Reject,Male,D
Reject,Male,D
Reject,Male,D
Reject,Male,D
Reject,Male,D
Reject,Male,D
Reject,Male,D
Reject,Male,D
Reject,Male,D
Reject,Male,D
Reject,Male,D
Reject,Male,D
Reject,Male,D
Reject,Male,D
Reject,Male,D
Reject,Male,D
Reject,Male,D
Reject,Male,D
Reject,Male,D
Reject,Male,D
Reject,Male,D
Reject,Male,D
Reject,Male,D
Reject,Male,D
Reject,Male,D
Reject,Male,D
Reject,Male,D
Reject,Male,D
Reject,Male,D
Reject,Male,D
Reject,Male,D
Reject,Male,D
Reject,Male,D
Reject,Male,D
Reject,Male,D
Reject,Male,D
Reject,Male,D
Reject,Male,D
Reject,Male,D
Reject,Male,D
Admit,Female,D
Admit,Female,D
Admit,Female,D
Admit,Female,D
Admit,Female,D
Admit,Female,D
Admit,Female,D
Admit,Female,D
Admit,Female,D
Admit,Female,D
Admit,Female,D
Admit,Female,D
Admit,Female,D
Admit,Female,D
Admit,Female,D
Admit,Female,D
Admit,Female,D
Admit,Female,D
Admit,Female,D
Admit,Female,D
Admit,Female,D
Admit,Female,D
Admit,Female,D
Admit,Female,D
Admit,Female,D
Admit,Female,D
Admit,Female,D
Admit,Female,D
Admit,Female,D
Admit,Female,D
Admit,Female,D
Admit,Female,D
Admit,Female,D
Admit,Female,D
Admit,Female,D
Admit,Female,D
Admit,Female,D
Admit,Female,D
Admit,Female,D
Admit,Female,D
Admit,Female,D
Admit,Female,D
Admit,Female,D
Admit,Female,D
Admit,Female,D
Admit,Female,D
Admit,Female,D
Admit,Female,D
Admit,Female,D
Admit,Female,D
Admit,Female,D
Admit,Female,D
Admit,Female,D
Admit,Female,D
Admit,Female,D
Admit,Female,D
Admit,Female,D
Admit,Female,D
Admit,Female,D
Admit,Female,D
Admit,Female,D
Admit,Female,D
Admit,Female,D
Admit,Female,D
Admit,Female,D
Admit,Female,D
Admit,Female,D
Admit,Female,D
Admit,Female,D
Admit,Female,D
Admit,Female,D
Admit,Female,D
Admit,Female,D
Admit,Female,D
Admit,Female,D
Admit,Female,D
Admit,Female,D
Admit,Female,D
Admit,Female,D
Admit,Female,D
Admit,Female,D
Admit,Female,D
Admit,Female,D
Admit,Female,D
Admit,Female,D
Admit,Female,D
Admit,Female,D
Admit,Female,D
Admit,Female,D
Admit,Female,D
Admit,Female,D
Admit,Female,D
Admit,Female,D
Admit,Female,D
Admit,Female,D
Admit,Female,D
Admit,Female,D
Admit,Female,D
Admit,Female,D
Admit,Female,D
Admit,Female,D
Admit,Female,D
Admit,Female,D
Admit,Female,D
Admit,Female,D
Admit,Female,D
Admit,Female,D
Admit,Female,D
Admit,Female,D
Admit,Female,D
Admit,Female,D
Admit,Female,D
Admit,Female,D
Admit,Female,D
Admit,Female,D
Admit,Female,D
Admit,Female,D
Admit,Female,D
Admit,Female,D
Admit,Female,D
Admit,Female,D
Admit,Female,D
Admit,Female,D
Admit,Female,D
Admit,Female,D
Admit,Female,D
Admit,Female,D
Admit,Female,D
Admit,Female,D
Admit,Female,D
Admit,Female,D
Reject,Female,D
Reject,Female,D
Reject,Female,D
Reject,Female,D
Reject,Female,D
Reject,Female,D
Reject,Female,D
Reject,Female,D
Reject,Female,D
Reject,Female,D
Reject,Female,D
Reject,Female,D
Reject,Female,D
Reject,Female,D
Reject,Female,D
Reject,Female,D
Reject,Female,D
Reject,Female,D
Reject,Female,D
Reject,Female,D
Reject,Female,D
Reject,Female,D
Reject,Female,D
Reject,Female,D
Reject,Female,D
Reject,Female,D
Reject,Female,D
Reject,Female,D
Reject,Female,D
Reject,Female,D
Reject,Female,D
Reject,Female,D
Reject,Female,D
Reject,Female,D
Reject,Female,D
Reject,Female,D
Reject,Female,D
Reject,Female,D
Reject,Female,D
Reject,Female,D
Reject,Female,D
Reject,Female,D
Reject,Female,D
Reject,Female,D
Reject,Female,D
Reject,Female,D
Reject,Female,D
Reject,Female,D
Reject,Female,D
Reject,Female,D
Reject,Female,D
Reject,Female,D
Reject,Female,D
Reject,Female,D
Reject,Female,D
Reject,Female,D
Reject,Female,D
Reject,Female,D
Reject,Female,D
Reject,Female,D
Reject,Female,D
Reject,Female,D
Reject,Female,D
Reject,Female,D
Reject,Female,D
Reject,Female,D
Reject,Female,D
Reject,Female,D
Reject,Female,D
Reject,Female,D
Reject,Female,D
Reject,Female,D
Reject,Female,D
Reject,Female,D
Reject,Female,D
Reject,Female,D
Reject,Female,D
Reject,Female,D
Reject,Female,D
Reject,Female,D
Reject,Female,D
Reject,Female,D
Reject,Female,D
Reject,Female,D
Reject,Female,D
Reject,Female,D
Reject,Female,D
Reject,Female,D
Reject,Female,D
Reject,Female,D
Reject,Female,D
Reject,Female,D
Reject,Female,D
Reject,Female,D
Reject,Female,D
Reject,Female,D
Reject,Female,D
Reject,Female,D
Reject,Female,D
Reject,Female,D
Reject,Female,D
Reject,Female,D
Reject,Female,D
Reject,Female,D
Reject,Female,D
Reject,Female,D
Reject,Female,D
Reject,Female,D
Reject,Female,D
Reject,Female,D
Reject,Female,D
Reject,Female,D
Reject,Female,D
Reject,Female,D
Reject,Female,D
Reject,Female,D
Reject,Female,D
Reject,Female,D
Reject,Female,D
Reject,Female,D
Reject,Female,D
Reject,Female,D
Reject,Female,D
Reject,Female,D
Reject,Female,D
Reject,Female,D
Reject,Female,D
Reject,Female,D
Reject,Female,D
Reject,Female,D
Reject,Female,D
Reject,Female,D
Reject,Female,D
Reject,Female,D
Reject,Female,D
Reject,Female,D
Reject,Female,D
Reject,Female,D
Reject,Female,D
Reject,Female,D
Reject,Female,D
Reject,Female,D
Reject,Female,D
Reject,Female,D
Reject,Female,D
Reject,Female,D
Reject,Female,D
Reject,Female,D
Reject,Female,D
Reject,Female,D
Reject,Female,D
Reject,Female,D
Reject,Female,D
Reject,Female,D
Reject,Female,D
Reject,Female,D
Reject,Female,D
Reject,Female,D
Reject,Female,D
Reject,Female,D
Reject,Female,D
Reject,Female,D
Reject,Female,D
Reject,Female,D
Reject,Female,D
Reject,Female,D
Reject,Female,D
Reject,Female,D
Reject,Female,D
Reject,Female,D
Reject,Female,D
Reject,Female,D
Reject,Female,D
Reject,Female,D
Reject,Female,D
Reject,Female,D
Reject,Female,D
Reject,Female,D
Reject,Female,D
Reject,Female,D
Reject,Female,D
Reject,Female,D
Reject,Female,D
Reject,Female,D
Reject,Female,D
Reject,Female,D
Reject,Female,D
Reject,Female,D
Reject,Female,D
Reject,Female,D
Reject,Female,D
Reject,Female,D
Reject,Female,D
Reject,Female,D
Reject,Female,D
Reject,Female,D
Reject,Female,D
Reject,Female,D
Reject,Female,D
Reject,Female,D
Reject,Female,D
Reject,Female,D
Reject,Female,D
Reject,Female,D
Reject,Female,D
Reject,Female,D
Reject,Female,D
Reject,Female,D
Reject,Female,D
Reject,Female,D
Reject,Female,D
Reject,Female,D
Reject,Female,D
Reject,Female,D
Reject,Female,D
Reject,Female,D
Reject,Female,D
Reject,Female,D
Reject,Female,D
Reject,Female,D
Reject,Female,D
Reject,Female,D
Reject,Female,D
Reject,Female,D
Reject,Female,D
Reject,Female,D
Reject,Female,D
Reject,Female,D
Reject,Female,D
Reject,Female,D
Reject,Female,D
Reject,Female,D
Reject,Female,D
Reject,Female,D
Reject,Female,D
Reject,Female,D
Reject,Female,D
Reject,Female,D
Reject,Female,D
Reject,Female,D
Reject,Female,D
Reject,Female,D
Reject,Female,D
Reject,Female,D
Admit,Male,E
Admit,Male,E
Admit,Male,E
Admit,Male,E
Admit,Male,E
Admit,Male,E
Admit,Male,E
Admit,Male,E
Admit,Male,E
Admit,Male,E
Admit,Male,E
Admit,Male,E
Admit,Male,E
Admit,Male,E
Admit,Male,E
Admit,Male,E
Admit,Male,E
Admit,Male,E
Admit,Male,E
Admit,Male,E
Admit,Male,E
Admit,Male,E
Admit,Male,E
Admit,Male,E
Admit,Male,E
Admit,Male,E
Admit,Male,E
Admit,Male,E
Admit,Male,E
Admit,Male,E
Admit,Male,E
Admit,Male,E
Admit,Male,E
Admit,Male,E
Admit,Male,E
Admit,Male,E
Admit,Male,E
Admit,Male,E
Admit,Male,E
Admit,Male,E
Admit,Male,E
Admit,Male,E
Admit,Male,E
Admit,Male,E
Admit,Male,E
Admit,Male,E
Admit,Male,E
Admit,Male,E
Admit,Male,E
Admit,Male,E
Admit,Male,E
Admit,Male,E
Admit,Male,E
Reject,Male,E
Reject,Male,E
Reject,Male,E
Reject,Male,E
Reject,Male,E
Reject,Male,E
Reject,Male,E
Reject,Male,E
Reject,Male,E
Reject,Male,E
Reject,Male,E
Reject,Male,E
Reject,Male,E
Reject,Male,E
Reject,Male,E
Reject,Male,E
Reject,Male,E
Reject,Male,E
Reject,Male,E
Reject,Male,E
Reject,Male,E
Reject,Male,E
Reject,Male,E
Reject,Male,E
Reject,Male,E
Reject,Male,E
Reject,Male,E
Reject,Male,E
Reject,Male,E
Reject,Male,E
Reject,Male,E
Reject,Male,E
Reject,Male,E
Reject,Male,E
Reject,Male,E
Reject,Male,E
Reject,Male,E
Reject,Male,E
Reject,Male,E
Reject,Male,E
Reject,Male,E
Reject,Male,E
Reject,Male,E
Reject,Male,E
Reject,Male,E
Reject,Male,E
Reject,Male,E
Reject,Male,E
Reject,Male,E
Reject,Male,E
Reject,Male,E
Reject,Male,E
Reject,Male,E
Reject,Male,E
Reject,Male,E
Reject,Male,E
Reject,Male,E
Reject,Male,E
Reject,Male,E
Reject,Male,E
Reject,Male,E
Reject,Male,E
Reject,Male,E
Reject,Male,E
Reject,Male,E
Reject,Male,E
Reject,Male,E
Reject,Male,E
Reject,Male,E
Reject,Male,E
Reject,Male,E
Reject,Male,E
Reject,Male,E
Reject,Male,E
Reject,Male,E
Reject,Male,E
Reject,Male,E
Reject,Male,E
Reject,Male,E
Reject,Male,E
Reject,Male,E
Reject,Male,E
Reject,Male,E
Reject,Male,E
Reject,Male,E
Reject,Male,E
Reject,Male,E
Reject,Male,E
Reject,Male,E
Reject,Male,E
Reject,Male,E
Reject,Male,E
Reject,Male,E
Reject,Male,E
Reject,Male,E
Reject,Male,E
Reject,Male,E
Reject,Male,E
Reject,Male,E
Reject,Male,E
Reject,Male,E
Reject,Male,E
Reject,Male,E
Reject,Male,E
Reject,Male,E
Reject,Male,E
Reject,Male,E
Reject,Male,E
Reject,Male,E
Reject,Male,E
Reject,Male,E
Reject,Male,E
Reject,Male,E
Reject,Male,E
Reject,Male,E
Reject,Male,E
Reject,Male,E
Reject,Male,E
Reject,Male,E
Reject,Male,E
Reject,Male,E
Reject,Male,E
Reject,Male,E
Reject,Male,E
Reject,Male,E
Reject,Male,E
Reject,Male,E
Reject,Male,E
Reject,Male,E
Reject,Male,E
Reject,Male,E
Reject,Male,E
Reject,Male,E
Reject,Male,E
Reject,Male,E
Reject,Male,E
Reject,Male,E
Reject,Male,E
Admit,Female,E
Admit,Female,E
Admit,Female,E
Admit,Female,E
Admit,Female,E
Admit,Female,E
Admit,Female,E
Admit,Female,E
Admit,Female,E
Admit,Female,E
Admit,Female,E
Admit,Female,E
Admit,Female,E
Admit,Female,E
Admit,Female,E
Admit,Female,E
Admit,Female,E
Admit,Female,E
Admit,Female,E
Admit,Female,E
Admit,Female,E
Admit,Female,E
Admit,Female,E
Admit,Female,E
Admit,Female,E
Admit,Female,E
Admit,Female,E
Admit,Female,E
Admit,Female,E
Admit,Female,E
Admit,Female,E
Admit,Female,E
Admit,Female,E
Admit,Female,E
Admit,Female,E
Admit,Female,E
Admit,Female,E
Admit,Female,E
Admit,Female,E
Admit,Female,E
Admit,Female,E
Admit,Female,E
Admit,Female,E
Admit,Female,E
Admit,Female,E
Admit,Female,E
Admit,Female,E
Admit,Female,E
Admit,Female,E
Admit,Female,E
Admit,Female,E
Admit,Female,E
Admit,Female,E
Admit,Female,E
Admit,Female,E
Admit,Female,E
Admit,Female,E
Admit,Female,E
Admit,Female,E
Admit,Female,E
Admit,Female,E
Admit,Female,E
Admit,Female,E
Admit,Female,E
Admit,Female,E
Admit,Female,E
Admit,Female,E
Admit,Female,E
Admit,Female,E
Admit,Female,E
Admit,Female,E
Admit,Female,E
Admit,Female,E
Admit,Female,E
Admit,Female,E
Admit,Female,E
Admit,Female,E
Admit,Female,E
Admit,Female,E
Admit,Female,E
Admit,Female,E
Admit,Female,E
Admit,Female,E
Admit,Female,E
Admit,Female,E
Admit,Female,E
Admit,Female,E
Admit,Female,E
Admit,Female,E
Admit,Female,E
Admit,Female,E
Admit,Female,E
Admit,Female,E
Admit,Female,E
Reject,Female,E
Reject,Female,E
Reject,Female,E
Reject,Female,E
Reject,Female,E
Reject,Female,E
Reject,Female,E
Reject,Female,E
Reject,Female,E
Reject,Female,E
Reject,Female,E
Reject,Female,E
Reject,Female,E
Reject,Female,E
Reject,Female,E
Reject,Female,E
Reject,Female,E
Reject,Female,E
Reject,Female,E
Reject,Female,E
Reject,Female,E
Reject,Female,E
Reject,Female,E
Reject,Female,E
Reject,Female,E
Reject,Female,E
Reject,Female,E
Reject,Female,E
Reject,Female,E
Reject,Female,E
Reject,Female,E
Reject,Female,E
Reject,Female,E
Reject,Female,E
Reject,Female,E
Reject,Female,E
Reject,Female,E
Reject,Female,E
Reject,Female,E
Reject,Female,E
Reject,Female,E
Reject,Female,E
Reject,Female,E
Reject,Female,E
Reject,Female,E
Reject,Female,E
Reject,Female,E
Reject,Female,E
Reject,Female,E
Reject,Female,E
Reject,Female,E
Reject,Female,E
Reject,Female,E
Reject,Female,E
Reject,Female,E
Reject,Female,E
Reject,Female,E
Reject,Female,E
Reject,Female,E
Reject,Female,E
Reject,Female,E
Reject,Female,E
Reject,Female,E
Reject,Female,E
Reject,Female,E
Reject,Female,E
Reject,Female,E
Reject,Female,E
Reject,Female,E
Reject,Female,E
Reject,Female,E
Reject,Female,E
Reject,Female,E
Reject,Female,E
Reject,Female,E
Reject,Female,E
Reject,Female,E
Reject,Female,E
Reject,Female,E
Reject,Female,E
Reject,Female,E
Reject,Female,E
Reject,Female,E
Reject,Female,E
Reject,Female,E
Reject,Female,E
Reject,Female,E
Reject,Female,E
Reject,Female,E
Reject,Female,E
Reject,Female,E
Reject,Female,E
Reject,Female,E
Reject,Female,E
Reject,Female,E
Reject,Female,E
Reject,Female,E
Reject,Female,E
Reject,Female,E
Reject,Female,E
Reject,Female,E
Reject,Female,E
Reject,Female,E
Reject,Female,E
Reject,Female,E
Reject,Female,E
Reject,Female,E
Reject,Female,E
Reject,Female,E
Reject,Female,E
Reject,Female,E
Reject,Female,E
Reject,Female,E
Reject,Female,E
Reject,Female,E
Reject,Female,E
Reject,Female,E
Reject,Female,E
Reject,Female,E
Reject,Female,E
Reject,Female,E
Reject,Female,E
Reject,Female,E
Reject,Female,E
Reject,Female,E
Reject,Female,E
Reject,Female,E
Reject,Female,E
Reject,Female,E
Reject,Female,E
Reject,Female,E
Reject,Female,E
Reject,Female,E
Reject,Female,E
Reject,Female,E
Reject,Female,E
Reject,Female,E
Reject,Female,E
Reject,Female,E
Reject,Female,E
Reject,Female,E
Reject,Female,E
Reject,Female,E
Reject,Female,E
Reject,Female,E
Reject,Female,E
Reject,Female,E
Reject,Female,E
Reject,Female,E
Reject,Female,E
Reject,Female,E
Reject,Female,E
Reject,Female,E
Reject,Female,E
Reject,Female,E
Reject,Female,E
Reject,Female,E
Reject,Female,E
Reject,Female,E
Reject,Female,E
Reject,Female,E
Reject,Female,E
Reject,Female,E
Reject,Female,E
Reject,Female,E
Reject,Female,E
Reject,Female,E
Reject,Female,E
Reject,Female,E
Reject,Female,E
Reject,Female,E
Reject,Female,E
Reject,Female,E
Reject,Female,E
Reject,Female,E
Reject,Female,E
Reject,Female,E
Reject,Female,E
Reject,Female,E
Reject,Female,E
Reject,Female,E
Reject,Female,E
Reject,Female,E
Reject,Female,E
Reject,Female,E
Reject,Female,E
Reject,Female,E
Reject,Female,E
Reject,Female,E
Reject,Female,E
Reject,Female,E
Reject,Female,E
Reject,Female,E
Reject,Female,E
Reject,Female,E
Reject,Female,E
Reject,Female,E
Reject,Female,E
Reject,Female,E
Reject,Female,E
Reject,Female,E
Reject,Female,E
Reject,Female,E
Reject,Female,E
Reject,Female,E
Reject,Female,E
Reject,Female,E
Reject,Female,E
Reject,Female,E
Reject,Female,E
Reject,Female,E
Reject,Female,E
Reject,Female,E
Reject,Female,E
Reject,Female,E
Reject,Female,E
Reject,Female,E
Reject,Female,E
Reject,Female,E
Reject,Female,E
Reject,Female,E
Reject,Female,E
Reject,Female,E
Reject,Female,E
Reject,Female,E
Reject,Female,E
Reject,Female,E
Reject,Female,E
Reject,Female,E
Reject,Female,E
Reject,Female,E
Reject,Female,E
Reject,Female,E
Reject,Female,E
Reject,Female,E
Reject,Female,E
Reject,Female,E
Reject,Female,E
Reject,Female,E
Reject,Female,E
Reject,Female,E
Reject,Female,E
Reject,Female,E
Reject,Female,E
Reject,Female,E
Reject,Female,E
Reject,Female,E
Reject,Female,E
Reject,Female,E
Reject,Female,E
Reject,Female,E
Reject,Female,E
Reject,Female,E
Reject,Female,E
Reject,Female,E
Reject,Female,E
Reject,Female,E
Reject,Female,E
Reject,Female,E
Reject,Female,E
Reject,Female,E
Reject,Female,E
Reject,Female,E
Reject,Female,E
Reject,Female,E
Reject,Female,E
Reject,Female,E
Reject,Female,E
Reject,Female,E
Reject,Female,E
Reject,Female,E
Reject,Female,E
Reject,Female,E
Reject,Female,E
Reject,Female,E
Reject,Female,E
Reject,Female,E
Reject,Female,E
Reject,Female,E
Reject,Female,E
Reject,Female,E
Reject,Female,E
Reject,Female,E
Reject,Female,E
Reject,Female,E
Reject,Female,E
Reject,Female,E
Reject,Female,E
Reject,Female,E
Reject,Female,E
Reject,Female,E
Reject,Female,E
Reject,Female,E
Reject,Female,E
Reject,Female,E
Reject,Female,E
Reject,Female,E
Reject,Female,E
Reject,Female,E
Admit,Male,F
Admit,Male,F
Admit,Male,F
Admit,Male,F
Admit,Male,F
Admit,Male,F
Admit,Male,F
Admit,Male,F
Admit,Male,F
Admit,Male,F
Admit,Male,F
Admit,Male,F
Admit,Male,F
Admit,Male,F
Admit,Male,F
Admit,Male,F
Admit,Male,F
Admit,Male,F
Admit,Male,F
Admit,Male,F
Admit,Male,F
Admit,Male,F
Reject,Male,F
Reject,Male,F
Reject,Male,F
Reject,Male,F
Reject,Male,F
Reject,Male,F
Reject,Male,F
Reject,Male,F
Reject,Male,F
Reject,Male,F
Reject,Male,F
Reject,Male,F
Reject,Male,F
Reject,Male,F
Reject,Male,F
Reject,Male,F
Reject,Male,F
Reject,Male,F
Reject,Male,F
Reject,Male,F
Reject,Male,F
Reject,Male,F
Reject,Male,F
Reject,Male,F
Reject,Male,F
Reject,Male,F
Reject,Male,F
Reject,Male,F
Reject,Male,F
Reject,Male,F
Reject,Male,F
Reject,Male,F
Reject,Male,F
Reject,Male,F
Reject,Male,F
Reject,Male,F
Reject,Male,F
Reject,Male,F
Reject,Male,F
Reject,Male,F
Reject,Male,F
Reject,Male,F
Reject,Male,F
Reject,Male,F
Reject,Male,F
Reject,Male,F
Reject,Male,F
Reject,Male,F
Reject,Male,F
Reject,Male,F
Reject,Male,F
Reject,Male,F
Reject,Male,F
Reject,Male,F
Reject,Male,F
Reject,Male,F
Reject,Male,F
Reject,Male,F
Reject,Male,F
Reject,Male,F
Reject,Male,F
Reject,Male,F
Reject,Male,F
Reject,Male,F
Reject,Male,F
Reject,Male,F
Reject,Male,F
Reject,Male,F
Reject,Male,F
Reject,Male,F
Reject,Male,F
Reject,Male,F
Reject,Male,F
Reject,Male,F
Reject,Male,F
Reject,Male,F
Reject,Male,F
Reject,Male,F
Reject,Male,F
Reject,Male,F
Reject,Male,F
Reject,Male,F
Reject,Male,F
Reject,Male,F
Reject,Male,F
Reject,Male,F
Reject,Male,F
Reject,Male,F
Reject,Male,F
Reject,Male,F
Reject,Male,F
Reject,Male,F
Reject,Male,F
Reject,Male,F
Reject,Male,F
Reject,Male,F
Reject,Male,F
Reject,Male,F
Reject,Male,F
Reject,Male,F
Reject,Male,F
Reject,Male,F
Reject,Male,F
Reject,Male,F
Reject,Male,F
Reject,Male,F
Reject,Male,F
Reject,Male,F
Reject,Male,F
Reject,Male,F
Reject,Male,F
Reject,Male,F
Reject,Male,F
Reject,Male,F
Reject,Male,F
Reject,Male,F
Reject,Male,F
Reject,Male,F
Reject,Male,F
Reject,Male,F
Reject,Male,F
Reject,Male,F
Reject,Male,F
Reject,Male,F
Reject,Male,F
Reject,Male,F
Reject,Male,F
Reject,Male,F
Reject,Male,F
Reject,Male,F
Reject,Male,F
Reject,Male,F
Reject,Male,F
Reject,Male,F
Reject,Male,F
Reject,Male,F
Reject,Male,F
Reject,Male,F
Reject,Male,F
Reject,Male,F
Reject,Male,F
Reject,Male,F
Reject,Male,F
Reject,Male,F
Reject,Male,F
Reject,Male,F
Reject,Male,F
Reject,Male,F
Reject,Male,F
Reject,Male,F
Reject,Male,F
Reject,Male,F
Reject,Male,F
Reject,Male,F
Reject,Male,F
Reject,Male,F
Reject,Male,F
Reject,Male,F
Reject,Male,F
Reject,Male,F
Reject,Male,F
Reject,Male,F
Reject,Male,F
Reject,Male,F
Reject,Male,F
Reject,Male,F
Reject,Male,F
Reject,Male,F
Reject,Male,F
Reject,Male,F
Reject,Male,F
Reject,Male,F
Reject,Male,F
Reject,Male,F
Reject,Male,F
Reject,Male,F
Reject,Male,F
Reject,Male,F
Reject,Male,F
Reject,Male,F
Reject,Male,F
Reject,Male,F
Reject,Male,F
Reject,Male,F
Reject,Male,F
Reject,Male,F
Reject,Male,F
Reject,Male,F
Reject,Male,F
Reject,Male,F
Reject,Male,F
Reject,Male,F
Reject,Male,F
Reject,Male,F
Reject,Male,F
Reject,Male,F
Reject,Male,F
Reject,Male,F
Reject,Male,F
Reject,Male,F
Reject,Male,F
Reject,Male,F
Reject,Male,F
Reject,Male,F
Reject,Male,F
Reject,Male,F
Reject,Male,F
Reject,Male,F
Reject,Male,F
Reject,Male,F
Reject,Male,F
Reject,Male,F
Reject,Male,F
Reject,Male,F
Reject,Male,F
Reject,Male,F
Reject,Male,F
Reject,Male,F
Reject,Male,F
Reject,Male,F
Reject,Male,F
Reject,Male,F
Reject,Male,F
Reject,Male,F
Reject,Male,F
Reject,Male,F
Reject,Male,F
Reject,Male,F
Reject,Male,F
Reject,Male,F
Reject,Male,F
Reject,Male,F
Reject,Male,F
Reject,Male,F
Reject,Male,F
Reject,Male,F
Reject,Male,F
Reject,Male,F
Reject,Male,F
Reject,Male,F
Reject,Male,F
Reject,Male,F
Reject,Male,F
Reject,Male,F
Reject,Male,F
Reject,Male,F
Reject,Male,F
Reject,Male,F
Reject,Male,F
Reject,Male,F
Reject,Male,F
Reject,Male,F
Reject,Male,F
Reject,Male,F
Reject,Male,F
Reject,Male,F
Reject,Male,F
Reject,Male,F
Reject,Male,F
Reject,Male,F
Reject,Male,F
Reject,Male,F
Reject,Male,F
Reject,Male,F
Reject,Male,F
Reject,Male,F
Reject,Male,F
Reject,Male,F
Reject,Male,F
Reject,Male,F
Reject,Male,F
Reject,Male,F
Reject,Male,F
Reject,Male,F
Reject,Male,F
Reject,Male,F
Reject,Male,F
Reject,Male,F
Reject,Male,F
Reject,Male,F
Reject,Male,F
Reject,Male,F
Reject,Male,F
Reject,Male,F
Reject,Male,F
Reject,Male,F
Reject,Male,F
Reject,Male,F
Reject,Male,F
Reject,Male,F
Reject,Male,F
Reject,Male,F
Reject,Male,F
Reject,Male,F
Reject,Male,F
Reject,Male,F
Reject,Male,F
Reject,Male,F
Reject,Male,F
Reject,Male,F
Reject,Male,F
Reject,Male,F
Reject,Male,F
Reject,Male,F
Reject,Male,F
Reject,Male,F
Reject,Male,F
Reject,Male,F
Reject,Male,F
Reject,Male,F
Reject,Male,F
Reject,Male,F
Reject,Male,F
Reject,Male,F
Reject,Male,F
Reject,Male,F
Reject,Male,F
Reject,Male,F
Reject,Male,F
Reject,Male,F
Reject,Male,F
Reject,Male,F
Reject,Male,F
Reject,Male,F
Reject,Male,F
Reject,Male,F
Reject,Male,F
Reject,Male,F
Reject,Male,F
Reject,Male,F
Reject,Male,F
Reject,Male,F
Reject,Male,F
Reject,Male,F
Reject,Male,F
Reject,Male,F
Reject,Male,F
Reject,Male,F
Reject,Male,F
Reject,Male,F
Reject,Male,F
Reject,Male,F
Reject,Male,F
Reject,Male,F
Reject,Male,F
Reject,Male,F
Reject,Male,F
Reject,Male,F
Reject,Male,F
Reject,Male,F
Reject,Male,F
Admit,Female,F
Admit,Female,F
Admit,Female,F
Admit,Female,F
Admit,Female,F
Admit,Female,F
Admit,Female,F
Admit,Female,F
Admit,Female,F
Admit,Female,F
Admit,Female,F
Admit,Female,F
Admit,Female,F
Admit,Female,F
Admit,Female,F
Admit,Female,F
Admit,Female,F
Admit,Female,F
Admit,Female,F
Admit,Female,F
Admit,Female,F
Admit,Female,F
Admit,Female,F
Admit,Female,F
Reject,Female,F
Reject,Female,F
Reject,Female,F
Reject,Female,F
Reject,Female,F
Reject,Female,F
Reject,Female,F
Reject,Female,F
Reject,Female,F
Reject,Female,F
Reject,Female,F
Reject,Female,F
Reject,Female,F
Reject,Female,F
Reject,Female,F
Reject,Female,F
Reject,Female,F
Reject,Female,F
Reject,Female,F
Reject,Female,F
Reject,Female,F
Reject,Female,F
Reject,Female,F
Reject,Female,F
Reject,Female,F
Reject,Female,F
Reject,Female,F
Reject,Female,F
Reject,Female,F
Reject,Female,F
Reject,Female,F
Reject,Female,F
Reject,Female,F
Reject,Female,F
Reject,Female,F
Reject,Female,F
Reject,Female,F
Reject,Female,F
Reject,Female,F
Reject,Female,F
Reject,Female,F
Reject,Female,F
Reject,Female,F
Reject,Female,F
Reject,Female,F
Reject,Female,F
Reject,Female,F
Reject,Female,F
Reject,Female,F
Reject,Female,F
Reject,Female,F
Reject,Female,F
Reject,Female,F
Reject,Female,F
Reject,Female,F
Reject,Female,F
Reject,Female,F
Reject,Female,F
Reject,Female,F
Reject,Female,F
Reject,Female,F
Reject,Female,F
Reject,Female,F
Reject,Female,F
Reject,Female,F
Reject,Female,F
Reject,Female,F
Reject,Female,F
Reject,Female,F
Reject,Female,F
Reject,Female,F
Reject,Female,F
Reject,Female,F
Reject,Female,F
Reject,Female,F
Reject,Female,F
Reject,Female,F
Reject,Female,F
Reject,Female,F
Reject,Female,F
Reject,Female,F
Reject,Female,F
Reject,Female,F
Reject,Female,F
Reject,Female,F
Reject,Female,F
Reject,Female,F
Reject,Female,F
Reject,Female,F
Reject,Female,F
Reject,Female,F
Reject,Female,F
Reject,Female,F
Reject,Female,F
Reject,Female,F
Reject,Female,F
Reject,Female,F
Reject,Female,F
Reject,Female,F
Reject,Female,F
Reject,Female,F
Reject,Female,F
Reject,Female,F
Reject,Female,F
Reject,Female,F
Reject,Female,F
Reject,Female,F
Reject,Female,F
Reject,Female,F
Reject,Female,F
Reject,Female,F
Reject,Female,F
Reject,Female,F
Reject,Female,F
Reject,Female,F
Reject,Female,F
Reject,Female,F
Reject,Female,F
Reject,Female,F
Reject,Female,F
Reject,Female,F
Reject,Female,F
Reject,Female,F
Reject,Female,F
Reject,Female,F
Reject,Female,F
Reject,Female,F
Reject,Female,F
Reject,Female,F
Reject,Female,F
Reject,Female,F
Reject,Female,F
Reject,Female,F
Reject,Female,F
Reject,Female,F
Reject,Female,F
Reject,Female,F
Reject,Female,F
Reject,Female,F
Reject,Female,F
Reject,Female,F
Reject,Female,F
Reject,Female,F
Reject,Female,F
Reject,Female,F
Reject,Female,F
Reject,Female,F
Reject,Female,F
Reject,Female,F
Reject,Female,F
Reject,Female,F
Reject,Female,F
Reject,Female,F
Reject,Female,F
Reject,Female,F
Reject,Female,F
Reject,Female,F
Reject,Female,F
Reject,Female,F
Reject,Female,F
Reject,Female,F
Reject,Female,F
Reject,Female,F
Reject,Female,F
Reject,Female,F
Reject,Female,F
Reject,Female,F
Reject,Female,F
Reject,Female,F
Reject,Female,F
Reject,Female,F
Reject,Female,F
Reject,Female,F
Reject,Female,F
Reject,Female,F
Reject,Female,F
Reject,Female,F
Reject,Female,F
Reject,Female,F
Reject,Female,F
Reject,Female,F
Reject,Female,F
Reject,Female,F
Reject,Female,F
Reject,Female,F
Reject,Female,F
Reject,Female,F
Reject,Female,F
Reject,Female,F
Reject,Female,F
Reject,Female,F
Reject,Female,F
Reject,Female,F
Reject,Female,F
Reject,Female,F
Reject,Female,F
Reject,Female,F
Reject,Female,F
Reject,Female,F
Reject,Female,F
Reject,Female,F
Reject,Female,F
Reject,Female,F
Reject,Female,F
Reject,Female,F
Reject,Female,F
Reject,Female,F
Reject,Female,F
Reject,Female,F
Reject,Female,F
Reject,Female,F
Reject,Female,F
Reject,Female,F
Reject,Female,F
Reject,Female,F
Reject,Female,F
Reject,Female,F
Reject,Female,F
Reject,Female,F
Reject,Female,F
Reject,Female,F
Reject,Female,F
Reject,Female,F
Reject,Female,F
Reject,Female,F
Reject,Female,F
Reject,Female,F
Reject,Female,F
Reject,Female,F
Reject,Female,F
Reject,Female,F
Reject,Female,F
Reject,Female,F
Reject,Female,F
Reject,Female,F
Reject,Female,F
Reject,Female,F
Reject,Female,F
Reject,Female,F
Reject,Female,F
Reject,Female,F
Reject,Female,F
Reject,Female,F
Reject,Female,F
Reject,Female,F
Reject,Female,F
Reject,Female,F
Reject,Female,F
Reject,Female,F
Reject,Female,F
Reject,Female,F
Reject,Female,F
Reject,Female,F
Reject,Female,F
Reject,Female,F
Reject,Female,F
Reject,Female,F
Reject,Female,F
Reject,Female,F
Reject,Female,F
Reject,Female,F
Reject,Female,F
Reject,Female,F
Reject,Female,F
Reject,Female,F
Reject,Female,F
Reject,Female,F
Reject,Female,F
Reject,Female,F
Reject,Female,F
Reject,Female,F
Reject,Female,F
Reject,Female,F
Reject,Female,F
Reject,Female,F
Reject,Female,F
Reject,Female,F
Reject,Female,F
Reject,Female,F
Reject,Female,F
Reject,Female,F
Reject,Female,F
Reject,Female,F
Reject,Female,F
Reject,Female,F
Reject,Female,F
Reject,Female,F
Reject,Female,F
Reject,Female,F
Reject,Female,F
Reject,Female,F
Reject,Female,F
Reject,Female,F
Reject,Female,F
Reject,Female,F
Reject,Female,F
Reject,Female,F
Reject,Female,F
Reject,Female,F
Reject,Female,F
Reject,Female,F
Reject,Female,F
Reject,Female,F
Reject,Female,F
Reject,Female,F
Reject,Female,F
Reject,Female,F
Reject,Female,F
Reject,Female,F
Reject,Female,F
Reject,Female,F
Reject,Female,F
Reject,Female,F
Reject,Female,F
Reject,Female,F
Reject,Female,F
Reject,Female,F